{"sections":{"banner":{"type":"main-collection-banner","disabled":true,"settings":{"show_collection_description":false,"show_collection_image":false,"color_scheme":"scheme-1"}},"product-grid":{"type":"main-collection-product-grid","settings":{"products_per_page":16,"columns_desktop":4,"columns_mobile":"2","color_scheme":"scheme-1","image_ratio":"portrait","image_shape":"default","show_secondary_image":false,"show_vendor":true,"show_rating":false,"quick_add":"none","enable_filtering":true,"filter_type":"vertical","enable_sorting":true,"padding_top":36,"padding_bottom":36}}},"order":["banner","product-grid"]}