{"sections":{"image_banner":{"type":"image-banner","blocks":{"heading":{"type":"heading","settings":{"heading":"<strong>MacMaster Motorsports<\/strong>","heading_size":"hxxl"}},"text_ci6D7j":{"type":"text","settings":{"text":"Part supplier for track enthusiasts","text_style":"subtitle"}},"button":{"type":"buttons","settings":{"button_label_1":"","button_link_1":"shopify:\/\/collections\/all","button_style_secondary_1":true,"button_label_2":"","button_link_2":"","button_style_secondary_2":false}}},"block_order":["heading","text_ci6D7j","button"],"settings":{"image":"shopify:\/\/shop_images\/IMG_3418.jpg","image_overlay_opacity":50,"image_height":"medium","image_behavior":"none","desktop_content_position":"middle-center","desktop_content_alignment":"center","show_text_box":false,"color_scheme":"scheme-4","stack_images_on_mobile":false,"mobile_content_alignment":"center","show_text_below":false}},"featured_collection":{"type":"featured-collection","disabled":true,"settings":{"collection":"seats","products_to_show":8,"title":"Featured products","heading_size":"h2","description":"","show_description":false,"description_style":"body","columns_desktop":4,"enable_desktop_slider":false,"full_width":false,"show_view_all":true,"view_all_style":"solid","color_scheme":"scheme-1","image_ratio":"adapt","image_shape":"default","show_secondary_image":true,"show_vendor":false,"show_rating":false,"quick_add":"none","columns_mobile":"2","swipe_on_mobile":false,"padding_top":44,"padding_bottom":36}},"featured_product_8N6yEM":{"type":"featured-product","blocks":{"text_qAXbU6":{"type":"text","settings":{"text":"{{ section.settings.product.vendor }}","text_style":"uppercase"}},"title_YdPnUA":{"type":"title","settings":{"heading_size":"h1"}},"price_44DBUi":{"type":"price","settings":{}},"variant_picker_HbVXbk":{"type":"variant_picker","settings":{"picker_type":"button","swatch_shape":"circle"}},"quantity_selector_8VRFRP":{"type":"quantity_selector","settings":{}},"buy_buttons_3yXw7K":{"type":"buy_buttons","settings":{"show_dynamic_checkout":true,"show_gift_card_recipient":true}},"share_79iJAE":{"type":"share","settings":{"share_label":"Share"}}},"block_order":["text_qAXbU6","title_YdPnUA","price_44DBUi","variant_picker_HbVXbk","quantity_selector_8VRFRP","buy_buttons_3yXw7K","share_79iJAE"],"disabled":true,"settings":{"product":"antigravity-atx20-re-start-lithium-battery","color_scheme":"","secondary_background":false,"media_size":"small","constrain_to_viewport":true,"media_fit":"cover","media_position":"left","image_zoom":"lightbox","hide_variants":false,"enable_video_looping":false,"padding_top":36,"padding_bottom":36}},"featured_collection_9hBMbn":{"type":"featured-collection","disabled":true,"settings":{"collection":"link","products_to_show":4,"title":"<strong>Link<\/strong>","heading_size":"h1","description":"","show_description":false,"description_style":"body","columns_desktop":4,"enable_desktop_slider":false,"full_width":false,"show_view_all":true,"view_all_style":"solid","color_scheme":"","image_ratio":"adapt","image_shape":"default","show_secondary_image":false,"show_vendor":false,"show_rating":false,"quick_add":"none","columns_mobile":"2","swipe_on_mobile":false,"padding_top":36,"padding_bottom":36}},"featured_collection_hr8Y9G":{"type":"featured-collection","disabled":true,"settings":{"collection":"coilover","products_to_show":5,"title":"<strong>Ohlins Road & Track Coilovers<\/strong>","heading_size":"h1","description":"","show_description":false,"description_style":"body","columns_desktop":5,"enable_desktop_slider":false,"full_width":true,"show_view_all":true,"view_all_style":"solid","color_scheme":"","image_ratio":"square","image_shape":"default","show_secondary_image":false,"show_vendor":true,"show_rating":false,"quick_add":"none","columns_mobile":"2","swipe_on_mobile":true,"padding_top":36,"padding_bottom":36}},"collection_list_fJmPmt":{"type":"collection-list","blocks":{"featured_collection_mBP9MU":{"type":"featured_collection","settings":{"collection":"method-wheels"}},"featured_collection_P3C3nd":{"type":"featured_collection","settings":{"collection":""}},"featured_collection_x7yQNz":{"type":"featured_collection","settings":{"collection":""}}},"block_order":["featured_collection_mBP9MU","featured_collection_P3C3nd","featured_collection_x7yQNz"],"disabled":true,"settings":{"title":"","heading_size":"h2","image_ratio":"square","columns_desktop":3,"color_scheme":"","show_view_all":false,"columns_mobile":"1","swipe_on_mobile":false,"padding_top":36,"padding_bottom":36}}},"order":["image_banner","featured_collection","featured_product_8N6yEM","featured_collection_9hBMbn","featured_collection_hr8Y9G","collection_list_fJmPmt"]}